{
  "solution": "1st_solution",
  "framework": "JAX/Keras",
  "device": "cpu:0",
  "timestamp": "2026-07-07T18:50:35",
  "platform": "Linux-6.8.0-134-generic-x86_64-with-glibc2.39",
  "python": "3.11.15",
  "hardware": {
    "jax": "0.10.2",
    "jax_devices": [
      "cuda:0"
    ]
  },
  "model": {},
  "phases": {},
  "timing": {},
  "throughput": {},
  "batch_sensitivity": [],
  "memory": {},
  "devices": {
    "cuda:0": {
      "model": {
        "Model 1": {
          "n_params": 1486473,
          "size_mb": 5.945892
        },
        "Model 2": {
          "n_params": 1870477,
          "size_mb": 7.481908
        }
      },
      "phases": {
        "preprocessing": {
          "wall_s": 54.90787691902369,
          "cpu_s": 54.93868175199998,
          "gpu_peak_alloc_mb": 20198.304512
        }
      },
      "timing": {
        "m1_total": {
          "runs": 50,
          "mean_s": 2.1012623738660476,
          "std_s": 0.031843656440502646,
          "median_s": 2.102853505028179,
          "min_s": 1.990335876995232,
          "max_s": 2.165757909999229
        },
        "m1_1d": {
          "runs": 50,
          "mean_s": 0.001010925758164376,
          "std_s": 0.00014206815157182762,
          "median_s": 0.0010274874803144485,
          "min_s": 0.0005814940086565912,
          "max_s": 0.0012872100342065096
        },
        "m1_2d": {
          "runs": 50,
          "mean_s": 0.0009852872404735535,
          "std_s": 0.00014655183480337215,
          "median_s": 0.0010347224888391793,
          "min_s": 0.000536339997779578,
          "max_s": 0.0011481699766591191
        },
        "m2_total": {
          "runs": 50,
          "mean_s": 2.2905495044228155,
          "std_s": 0.08484407834279833,
          "median_s": 2.2830255340086296,
          "min_s": 2.0723753049969673,
          "max_s": 2.546340850996785
        },
        "m2_1d": {
          "runs": 50,
          "mean_s": 0.0009862817625980824,
          "std_s": 0.00016198465732776318,
          "median_s": 0.0010066594986710697,
          "min_s": 0.00046069995732977986,
          "max_s": 0.0012078640284016728
        },
        "m2_2d": {
          "runs": 50,
          "mean_s": 0.0008607174770440906,
          "std_s": 0.00015663002536041158,
          "median_s": 0.0009090279636438936,
          "min_s": 0.0004693750524893403,
          "max_s": 0.0011431199964135885
        }
      },
      "throughput": {
        "m1_rollout": {
          "items": 3733,
          "mean_s": 2.1012623738660476,
          "items_per_s": 1776.5511087184075
        },
        "m2_rollout": {
          "items": 4497,
          "mean_s": 2.2905495044228155,
          "items_per_s": 1963.2843522118844
        }
      },
      "batch_sensitivity": [
        {
          "config": "batch=1",
          "mean_s": 2.1830473045934924,
          "std_s": 0.1063505166864118,
          "items": 3733,
          "items_per_s": 1709.9950111686314,
          "gpu_peak_alloc_mb": 29151.913472
        }
      ],
      "memory": {
        "peak_cpu_rss_mb": 25886.484,
        "gpu_peak_alloc_mb": 29151.913472
      }
    },
    "cpu:0": {
      "model": {
        "Model 1": {
          "n_params": 1486473,
          "size_mb": 5.945892
        },
        "Model 2": {
          "n_params": 1870477,
          "size_mb": 7.481908
        }
      },
      "phases": {
        "preprocessing": {
          "wall_s": 45.46661744103767,
          "cpu_s": 45.50195991700002,
          "gpu_peak_alloc_mb": 29151.913472
        }
      },
      "timing": {
        "m1_total": {
          "runs": 10,
          "mean_s": 10.657772530894727,
          "std_s": 0.20074021435931783,
          "median_s": 10.677562995493645,
          "min_s": 10.104245987022296,
          "max_s": 10.893178719037678
        },
        "m1_1d": {
          "runs": 10,
          "mean_s": 4.414268769323826e-05,
          "std_s": 1.0477362704301933e-05,
          "median_s": 4.336796700954437e-05,
          "min_s": 3.098195884376764e-05,
          "max_s": 6.41189981251955e-05
        },
        "m1_2d": {
          "runs": 10,
          "mean_s": 0.00012161750346422196,
          "std_s": 6.283277572972298e-05,
          "median_s": 9.85215010587126e-05,
          "min_s": 6.726500578224659e-05,
          "max_s": 0.00029859202913939953
        },
        "m2_total": {
          "runs": 10,
          "mean_s": 13.967158664914313,
          "std_s": 0.44163611968818295,
          "median_s": 13.8761140370043,
          "min_s": 13.304780634003691,
          "max_s": 14.730497978976928
        },
        "m2_1d": {
          "runs": 10,
          "mean_s": 4.726690822280944e-05,
          "std_s": 1.0382776593450129e-05,
          "median_s": 4.457301110960543e-05,
          "min_s": 3.517902223393321e-05,
          "max_s": 6.998598109930754e-05
        },
        "m2_2d": {
          "runs": 10,
          "mean_s": 8.95164965186268e-05,
          "std_s": 1.4825271653078714e-05,
          "median_s": 8.633101242594421e-05,
          "min_s": 7.094396278262138e-05,
          "max_s": 0.00012881599832326174
        }
      },
      "throughput": {
        "m1_rollout": {
          "items": 3733,
          "mean_s": 10.657772530894727,
          "items_per_s": 350.2608062968869
        },
        "m2_rollout": {
          "items": 4497,
          "mean_s": 13.967158664914313,
          "items_per_s": 321.96956502660225
        }
      },
      "batch_sensitivity": [
        {
          "config": "batch=1",
          "mean_s": 9.835374001335973,
          "std_s": 0.21408890888274734,
          "items": 3733,
          "items_per_s": 379.54835265979045,
          "gpu_peak_alloc_mb": null
        },
        {
          "config": "batch=2",
          "mean_s": 15.339331348640068,
          "std_s": 0.1920563200487539,
          "items": 7466,
          "items_per_s": 486.72264978889774,
          "gpu_peak_alloc_mb": null
        }
      ],
      "memory": {
        "peak_cpu_rss_mb": 75413.68,
        "gpu_peak_alloc_mb": 29151.913472
      }
    }
  },
  "external_reference_required": {
    "hecras_runtime_s": null,
    "speedup_vs_hecras": null,
    "training_cost_gpu_hours": null,
    "_note": "Not derivable from dummy inference. Fill hecras_runtime_s from the reference HEC-RAS simulation, speedup_vs_hecras = hecras_runtime_s / inference wall time, and training_cost_gpu_hours from training logs/estimates."
  }
}