{
  "solution": "4th_solution",
  "framework": "PyTorch + torch_geometric",
  "device": "cpu",
  "timestamp": "2026-07-07T17:51:58",
  "platform": "Linux-6.8.0-134-generic-x86_64-with-glibc2.39",
  "python": "3.11.15",
  "hardware": {
    "torch": "2.11.0+cu128",
    "gpu_name": "NVIDIA A100-PCIE-40GB",
    "gpu_total_mem_mb": 42405.855232,
    "cuda": "12.8"
  },
  "model": {},
  "phases": {},
  "timing": {},
  "throughput": {},
  "batch_sensitivity": [],
  "memory": {},
  "devices": {
    "cuda": {
      "model": {
        "Model 1": {
          "n_params": 374616,
          "size_mb": 1.498464,
          "n_1d": 17,
          "n_2d": 3716,
          "hidden_dim": 64
        },
        "Model 2": {
          "n_params": 807584,
          "size_mb": 3.230336,
          "n_1d": 198,
          "n_2d": 4299,
          "hidden_dim": 96
        }
      },
      "phases": {
        "preprocessing": {
          "wall_s": 0.0026011120062321424,
          "cpu_s": 0.0025987100000008923,
          "gpu_peak_alloc_mb": 42.308096
        },
        "inference": {
          "wall_s": 0.012132558971643448,
          "cpu_s": 0.012050280000000413,
          "gpu_peak_alloc_mb": 98.172416
        }
      },
      "timing": {
        "m1_single_step": {
          "runs": 50,
          "mean_s": 0.01146560510635376,
          "std_s": 0.000617690392684799,
          "median_s": 0.01136127996444702,
          "min_s": 0.011294719696044921,
          "max_s": 0.015737855911254883
        },
        "m2_single_step": {
          "runs": 50,
          "mean_s": 0.011268075542449952,
          "std_s": 1.3500463277920606e-05,
          "median_s": 0.011265536308288575,
          "min_s": 0.011246591567993165,
          "max_s": 0.011302911758422851
        }
      },
      "throughput": {
        "m1": {
          "items": 3733,
          "mean_s": 0.01146560510635376,
          "items_per_s": 325582.46733365406
        },
        "m2": {
          "items": 4497,
          "mean_s": 0.011268075542449952,
          "items_per_s": 399092.10610618995
        }
      },
      "batch_sensitivity": [
        {
          "config": "m1_batch=1",
          "mean_s": 0.011468820514678955,
          "std_s": 0.0007855364657507329,
          "items": 3733,
          "items_per_s": 325491.1867547434,
          "gpu_peak_alloc_mb": 45.037568
        },
        {
          "config": "m1_batch=2",
          "mean_s": 0.011441192970275878,
          "std_s": 0.00029417501411558975,
          "items": 7466,
          "items_per_s": 652554.3288533464,
          "gpu_peak_alloc_mb": 81.520128
        },
        {
          "config": "m1_batch=4",
          "mean_s": 0.01137631238937378,
          "std_s": 2.9062404358753492e-05,
          "items": 14932,
          "items_per_s": 1312551.8611766908,
          "gpu_peak_alloc_mb": 149.029888
        },
        {
          "config": "m1_batch=8",
          "mean_s": 0.012420464630126953,
          "std_s": 0.00012540211656338453,
          "items": 29864,
          "items_per_s": 2404418.907772756,
          "gpu_peak_alloc_mb": 281.992192
        },
        {
          "config": "m1_batch=16",
          "mean_s": 0.022105415573120117,
          "std_s": 4.8361252033238e-05,
          "items": 59728,
          "items_per_s": 2701962.3224196895,
          "gpu_peak_alloc_mb": 552.170496
        },
        {
          "config": "m1_batch=32",
          "mean_s": 0.04206311416625977,
          "std_s": 5.8104264333006667e-05,
          "items": 119456,
          "items_per_s": 2839922.8722779555,
          "gpu_peak_alloc_mb": 1092.578304
        },
        {
          "config": "m2_batch=1",
          "mean_s": 0.011539906539916992,
          "std_s": 0.0004084709858856464,
          "items": 4497,
          "items_per_s": 389691.1976231956,
          "gpu_peak_alloc_mb": 71.905792
        },
        {
          "config": "m2_batch=2",
          "mean_s": 0.011372789821624756,
          "std_s": 2.3397939028125094e-05,
          "items": 8994,
          "items_per_s": 790834.9790214524,
          "gpu_peak_alloc_mb": 130.074624
        },
        {
          "config": "m2_batch=4",
          "mean_s": 0.011391836185455322,
          "std_s": 2.076410327025789e-05,
          "items": 17988,
          "items_per_s": 1579025.5150408868,
          "gpu_peak_alloc_mb": 249.798656
        },
        {
          "config": "m2_batch=8",
          "mean_s": 0.015405854778289796,
          "std_s": 8.899866357921713e-05,
          "items": 35976,
          "items_per_s": 2335216.0926960064,
          "gpu_peak_alloc_mb": 477.188608
        },
        {
          "config": "m2_batch=16",
          "mean_s": 0.028912926788330077,
          "std_s": 1.0242239966797582e-05,
          "items": 71952,
          "items_per_s": 2488575.4571564677,
          "gpu_peak_alloc_mb": 942.089728
        },
        {
          "config": "m2_batch=32",
          "mean_s": 0.055481528396606444,
          "std_s": 3.5250173722570376e-05,
          "items": 143904,
          "items_per_s": 2593728.113820346,
          "gpu_peak_alloc_mb": 1867.707392
        }
      ],
      "memory": {
        "peak_cpu_rss_mb": 1117.992,
        "gpu_max_allocated_mb": 1867.707392,
        "gpu_max_reserved_mb": 2678.063104
      }
    },
    "cpu": {
      "model": {
        "Model 1": {
          "n_params": 374616,
          "size_mb": 1.498464,
          "n_1d": 17,
          "n_2d": 3716,
          "hidden_dim": 64
        },
        "Model 2": {
          "n_params": 807584,
          "size_mb": 3.230336,
          "n_1d": 198,
          "n_2d": 4299,
          "hidden_dim": 96
        }
      },
      "phases": {
        "preprocessing": {
          "wall_s": 0.0032407169928774238,
          "cpu_s": 0.003238809999999148,
          "gpu_peak_alloc_mb": 9.568256
        },
        "inference": {
          "wall_s": 0.10748075001174584,
          "cpu_s": 1.653615259999981,
          "gpu_peak_alloc_mb": 9.568256
        }
      },
      "timing": {
        "m1_single_step": {
          "runs": 10,
          "mean_s": 0.07140080910176039,
          "std_s": 0.0007416474304673086,
          "median_s": 0.07131005299743265,
          "min_s": 0.07062023296020925,
          "max_s": 0.07349290599813685
        },
        "m2_single_step": {
          "runs": 10,
          "mean_s": 0.10751538000185974,
          "std_s": 0.0005104022425079838,
          "median_s": 0.10755221001454629,
          "min_s": 0.10674693301552907,
          "max_s": 0.10821494599804282
        }
      },
      "throughput": {
        "m1": {
          "items": 3733,
          "mean_s": 0.07140080910176039,
          "items_per_s": 52282.32070423363
        },
        "m2": {
          "items": 4497,
          "mean_s": 0.10751538000185974,
          "items_per_s": 41826.574020593274
        }
      },
      "batch_sensitivity": [
        {
          "config": "m1_batch=1",
          "mean_s": 0.07133000479661859,
          "std_s": 0.0007951912073569936,
          "items": 3733,
          "items_per_s": 52334.21770605241,
          "gpu_peak_alloc_mb": 9.568256
        },
        {
          "config": "m1_batch=2",
          "mean_s": 0.11828830179874786,
          "std_s": 0.000702650537524355,
          "items": 7466,
          "items_per_s": 63116.976797100586,
          "gpu_peak_alloc_mb": 9.568256
        },
        {
          "config": "m1_batch=4",
          "mean_s": 0.20363913750625215,
          "std_s": 0.00048043442753553997,
          "items": 14932,
          "items_per_s": 73325.78689369845,
          "gpu_peak_alloc_mb": 9.568256
        },
        {
          "config": "m1_batch=8",
          "mean_s": 0.39499142069835214,
          "std_s": 0.0030091986391837765,
          "items": 29864,
          "items_per_s": 75606.70544995609,
          "gpu_peak_alloc_mb": 9.568256
        },
        {
          "config": "m2_batch=1",
          "mean_s": 3.755351865303237,