{
  "solution": "2nd_solution",
  "framework": "PyTorch",
  "device": "cpu",
  "timestamp": "2026-07-07T16:38:46",
  "platform": "Linux-6.8.0-134-generic-x86_64-with-glibc2.39",
  "python": "3.11.15",
  "hardware": {
    "torch": "2.11.0+cu128",
    "gpu_name": "NVIDIA A100-PCIE-40GB",
    "gpu_total_mem_mb": 42405.855232,
    "cuda": "12.8"
  },
  "model": {},
  "phases": {},
  "timing": {},
  "throughput": {},
  "batch_sensitivity": [],
  "memory": {},
  "devices": {
    "cuda": {
      "model": {
        "Model 1": {
          "n_params": 3025155,
          "size_mb": 12.10062
        },
        "Model 2": {
          "n_params": 4358883,
          "size_mb": 17.435532
        }
      },
      "phases": {
        "preprocessing": {
          "wall_s": 0.2953717030468397,
          "cpu_s": 0.2823169000000001,
          "gpu_peak_alloc_mb": 10.925056
        },
        "inference": {
          "wall_s": 0.11291196203092113,
          "cpu_s": 0.11295843999999988,
          "gpu_peak_alloc_mb": 196.527104
        }
      },
      "timing": {
        "m1_forward": {
          "runs": 50,
          "mean_s": 0.1152094631223008,
          "std_s": 0.002997049500159457,
          "median_s": 0.1130838374956511,
          "min_s": 0.11274127598153427,
          "max_s": 0.1219430219498463
        },
        "m2_forward": {
          "runs": 50,
          "mean_s": 0.1776331365155056,
          "std_s": 0.004621553066062733,
          "median_s": 0.17437164450529963,
          "min_s": 0.17291041801217943,
          "max_s": 0.18559356697369367
        }
      },
      "throughput": {
        "m1": {
          "items": 335970,
          "mean_s": 0.1152094631223008,
          "items_per_s": 2916166.701023079
        },
        "m2": {
          "items": 404730,
          "mean_s": 0.1776331365155056,
          "items_per_s": 2278460.0212509963
        }
      },
      "batch_sensitivity": [
        {
          "config": "steps=10",
          "mean_s": 0.020519942919490858,
          "std_s": null,
          "items": 37330,
          "items_per_s": 1819205.8402142103,
          "gpu_peak_alloc_mb": 196.527104
        },
        {
          "config": "steps=30",
          "mean_s": 0.0453327208571136,
          "std_s": null,
          "items": 111990,
          "items_per_s": 2470401.0234238245,
          "gpu_peak_alloc_mb": 196.527104
        },
        {
          "config": "steps=60",
          "mean_s": 0.08239141742466018,
          "std_s": null,
          "items": 223980,
          "items_per_s": 2718487.03422065,
          "gpu_peak_alloc_mb": 196.527104
        },
        {
          "config": "steps=90",
          "mean_s": 0.11885476788156665,
          "std_s": null,
          "items": 335970,
          "items_per_s": 2826727.156076555,
          "gpu_peak_alloc_mb": 196.527104
        }
      ],
      "memory": {
        "peak_cpu_rss_mb": 1325.772,
        "gpu_max_allocated_mb": 196.527104,
        "gpu_max_reserved_mb": 375.390208
      }
    },
    "cpu": {
      "model": {
        "Model 1": {
          "n_params": 3025155,
          "size_mb": 12.10062
        },
        "Model 2": {
          "n_params": 4358883,
          "size_mb": 17.435532
        }
      },
      "phases": {
        "preprocessing": {
          "wall_s": 0.09508400299819186,
          "cpu_s": 0.7962771500000017,
          "gpu_peak_alloc_mb": 9.568256
        },
        "inference": {
          "wall_s": 7.52652139699785,
          "cpu_s": 118.07035209700189,
          "gpu_peak_alloc_mb": 9.568256
        }
      },
      "timing": {
        "m1_forward": {
          "runs": 50,
          "mean_s": 12.913444647742436,
          "std_s": 4.048600753816115,
          "median_s": 10.935563715989701,
          "min_s": 10.543913953006268,
          "max_s": 29.56984943395946
        },
        "m2_forward": {
          "runs": 50,
          "mean_s": 24.289447391564025,
          "std_s": 7.995288163882694,
          "median_s": 22.695803128997795,
          "min_s": 15.704696012020577,
          "max_s": 57.266369463002775
        }
      },
      "throughput": {
        "m1": {
          "items": 335970,
          "mean_s": 12.913444647742436,
          "items_per_s": 26017.070515630017
        },
        "m2": {
          "items": 404730,
          "mean_s": 24.289447391564025,
          "items_per_s": 16662.791601449397
        }
      },
      "batch_sensitivity": [
        {
          "config": "steps=10",
          "mean_s": 1.7312334784225094,
          "std_s": null,
          "items": 37330,
          "items_per_s": 21562.660649339392,
          "gpu_peak_alloc_mb": 9.568256
        },
        {
          "config": "steps=30",
          "mean_s": 2.9150129569636194,
          "std_s": null,
          "items": 111990,
          "items_per_s": 38418.354104556965,
          "gpu_peak_alloc_mb": 9.568256
        },
        {
          "config": "steps=60",
          "mean_s": 7.252552231496666,
          "std_s": null,
          "items": 223980,
          "items_per_s": 30882.921329031033,
          "gpu_peak_alloc_mb": 9.568256
        },
        {
          "config": "steps=90",
          "mean_s": 8.799717558362754,
          "std_s": null,
          "items": 335970,
          "items_per_s": 38179.63449073579,
          "gpu_peak_alloc_mb": 9.568256
        }
      ],
      "memory": {
        "peak_cpu_rss_mb": 1671.32,
        "gpu_max_allocated_mb": 9.568256,
        "gpu_max_reserved_mb": 375.390208
      }
    }
  },
  "external_reference_required": {
    "hecras_runtime_s": null,
    "speedup_vs_hecras": null,
    "training_cost_gpu_hours": null,
    "_note": "Not derivable from dummy inference. Fill hecras_runtime_s from the reference HEC-RAS simulation, speedup_vs_hecras = hecras_runtime_s / inference wall time, and training_cost_gpu_hours from training logs/estimates."
  }
}