{
  "solution": "5th_solution",
  "framework": "PyTorch (Ridge+LightGBM+PI-GNN)",
  "device": "cpu",
  "timestamp": "2026-07-07T17:53:34",
  "platform": "Linux-6.8.0-134-generic-x86_64-with-glibc2.39",
  "python": "3.11.15",
  "hardware": {
    "torch": "2.11.0+cu128",
    "gpu_name": "NVIDIA A100-PCIE-40GB",
    "gpu_total_mem_mb": 42405.855232,
    "cuda": "12.8"
  },
  "model": {},
  "phases": {},
  "timing": {},
  "throughput": {},
  "batch_sensitivity": [],
  "memory": {},
  "devices": {
    "cuda": {
      "model": {
        "PI-GNN Model2 1D": {
          "n_params": 2633539,
          "size_mb": 10.534156,
          "d_model": 128,
          "n_layers": 12,
          "n_nodes": 198
        }
      },
      "phases": {
        "preprocessing": {
          "wall_s": 0.5104941430035979,
          "cpu_s": 0.5106427500000001,
          "gpu_peak_alloc_mb": 0.0
        },
        "inference": {
          "wall_s": 1.5923898829496466,
          "cpu_s": 1.5930720989999827,
          "gpu_peak_alloc_mb": 53.94432
        }
      },
      "timing": {
        "Model1-1D Ridge+LightGBM": {
          "runs": 5,
          "mean_s": 43.49792225018609,
          "std_s": 0.058477598602118167,
          "median_s": 43.490308111999184,
          "min_s": 43.43182673299452,
          "max_s": 43.59668731800048
        },
        "Model1-2D Ridge+LightGBM": {
          "runs": 5,
          "mean_s": 137.48989872699605,
          "std_s": 0.8702159087763702,
          "median_s": 137.15719796402846,
          "min_s": 136.33923212700756,
          "max_s": 138.82608391699614
        },
        "Model2-1D PI-GNN": {
          "runs": 5,
          "mean_s": 1.5858993600006215,
          "std_s": 0.0007942974154483199,
          "median_s": 1.5859157430240884,
          "min_s": 1.584506134968251,
          "max_s": 1.586840535979718
        },
        "Model2-2D Ridge+LightGBM+PI": {
          "runs": 5,
          "mean_s": 226.06015838881723,
          "std_s": 0.06321947432433062,
          "median_s": 226.04604903701693,
          "min_s": 225.99252622103086,
          "max_s": 226.1802460780018
        }
      },
      "throughput": {
        "Model1-1D Ridge+LightGBM": {
          "items": 64600,
          "mean_s": 43.49792225018609,
          "items_per_s": 1485.1284074775233
        },
        "Model1-2D Ridge+LightGBM": {
          "items": 14120800,
          "mean_s": 137.48989872699605,
          "items_per_s": 102704.2723192245
        },
        "Model2-1D PI-GNN": {
          "items": 752400,
          "mean_s": 1.5858993600006215,
          "items_per_s": 474431.1139640697
        },
        "Model2-2D Ridge+LightGBM+PI": {
          "items": 16336200,
          "mean_s": 226.06015838881723,
          "items_per_s": 72264.83479632968
        }
      },
      "batch_sensitivity": [
        {
          "config": "n_events=5",
          "mean_s": 1.5259555663409021,
          "std_s": 0.0014631237633695399,
          "items": 188100,
          "items_per_s": 123267.02307004004,
          "gpu_peak_alloc_mb": 28.549632
        },
        {
          "config": "n_events=10",
          "mean_s": 1.5381203676806763,
          "std_s": 0.0016041840212933835,
          "items": 376200,
          "items_per_s": 244584.2392473289,
          "gpu_peak_alloc_mb": 36.829696
        },
        {
          "config": "n_events=20",
          "mean_s": 1.593497522000689,
          "std_s": 0.0013302708887600715,
          "items": 752400,
          "items_per_s": 472168.9174987463,
          "gpu_peak_alloc_mb": 54.086656
        },
        {
          "config": "n_events=40",
          "mean_s": 1.9084761426784098,
          "std_s": 0.0028780559645767436,
          "items": 1504800,
          "items_per_s": 788482.4789520926,
          "gpu_peak_alloc_mb": 88.724992
        },
        {
          "config": "n_events=80",
          "mean_s": 4.293151840994445,
          "std_s": 0.0030228163841802594,
          "items": 3009600,
          "items_per_s": 701023.4232253176,
          "gpu_peak_alloc_mb": 127.308288
        }
      ],
      "memory": {
        "peak_cpu_rss_mb": 1239.14,
        "gpu_max_allocated_mb": 127.308288,
        "gpu_max_reserved_mb": 203.423744
      }
    },
    "cpu": {
      "model": {
        "PI-GNN Model2 1D": {
          "n_params": 2633539,
          "size_mb": 10.534156,
          "d_model": 128,
          "n_layers": 12,
          "n_nodes": 198
        }
      },
      "phases": {
        "inference": {
          "wall_s": 30.309944954991806,
          "cpu_s": 484.2466372259987,
          "gpu_peak_alloc_mb": 9.568256
        }
      },
      "timing": {
        "Model1-1D Ridge+LightGBM": {
          "runs": 5,
          "mean_s": 43.49792225018609,
          "std_s": 0.058477598602118167,
          "median_s": 43.490308111999184,
          "min_s": 43.43182673299452,
          "max_s": 43.59668731800048
        },
        "Model1-2D Ridge+LightGBM": {
          "runs": 5,
          "mean_s": 137.48989872699605,
          "std_s": 0.8702159087763702,
          "median_s": 137.15719796402846,
          "min_s": 136.33923212700756,
          "max_s": 138.82608391699614
        },
        "Model2-1D PI-GNN": {
          "runs": 3,
          "mean_s": 32.114703087019734,
          "std_s": 1.7851863848935756,
          "median_s": 30.9710340659949,
          "min_s": 30.73734506702749,
          "max_s": 34.63573012803681
        },
        "Model2-2D Ridge+LightGBM+PI": {
          "runs": 5,
          "mean_s": 226.06015838881723,
          "std_s": 0.06321947432433062,
          "median_s": 226.04604903701693,
          "min_s": 225.99252622103086,
          "max_s": 226.1802460780018
        }
      },
      "throughput": {
        "Model1-1D Ridge+LightGBM": {
          "items": 64600,
          "mean_s": 43.49792225018609,
          "items_per_s": 1485.1284074775233
        },
        "Model1-2D Ridge+LightGBM": {
          "items": 14120800,
          "mean_s": 137.48989872699605,
          "items_per_s": 102704.2723192245
        },
        "Model2-1D PI-GNN": {
          "items": 752400,
          "mean_s": 32.114703087019734,
          "items_per_s": 23428.5211344242
        },
        "Model2-2D Ridge+LightGBM+PI": {
          "items": 16336200,
          "mean_s": 226.06015838881723,
          "items_per_s": 72264.83479632968
        }
      },
      "batch_sensitivity": [
        {
          "config": "n_events=5",
          "mean_s": 9.177221536490833,
          "std_s": 0.0834761205187533,
          "items": 188100,
          "items_per_s": 20496.399618563122,
          "gpu_peak_alloc_mb": null
        },
        {
          "config": "n_events=10",
          "mean_s": 15.164361849514535,
          "std_s": 0.011122252530185506,
          "items": 376200,
          "items_per_s": 24808.165601247736,
          "gpu_peak_alloc_mb": null
        },
        {
          "config": "n_events=20",
          "mean_s": 29.31205435746233,
          "std_s": 0.07296636849059723,
          "items": 752400,
          "items_per_s": 25668.620521251603,
          "gpu_peak_alloc_mb": null
        }
      ],
      "memory": {
        "peak_cpu_rss_mb": 1291.436,
        "gpu_max_allocated_mb": 9.568256,
        "gpu_max_reserved_mb": 23.068672
      }
    }
  },
  "external_reference_required": {
    "hecras_runtime_s": null,
    "speedup_vs_hecras": null,
    "training_cost_gpu_hours": null,
    "_note": "Not derivable from dummy inference. Fill hecras_runtime_s from the reference HEC-RAS simulation, speedup_vs_hecras = hecras_runtime_s / inference wall time, and training_cost_gpu_hours from training logs/estimates."
  }
}