submission,metric_set,threshold,N_events,CSI,Accuracy,Precision,Recall,F1
Team 11,CSI30,1.0,59,0.10314008445163145,0.4740592079134432,0.2651212125928365,0.5564290764416406,0.17714662203916334
Team 11,CSI5,0.167,59,0.37748105522848774,0.44083800995341443,0.6862851789067645,0.6170302543771237,0.5175449361215096
