submission,model_id,metric_set,threshold,N_events,CSI,Accuracy,Precision,Recall,F1,CSI_micro,Accuracy_micro,Precision_micro,Recall_micro,F1_micro,CSI_macro,TP,FP,TN,FN
Team 11,1,CSI5,0.167,29,0.4354755609000922,0.4761242508080291,0.45796244297467165,0.9077126396015673,0.600963000038952,0.4221688738374267,0.4645919481676123,0.44334232689239855,0.8983700842626767,0.5936972487638431,0.4144438260016292,7224261,9070734,1355890,817259
Team 11,1,CSI30,1.0,29,0.04372070126041011,0.24701936380543565,0.043888176034744986,0.9192460413650763,0.08365163253557727,0.039182001904590154,0.2054882179822726,0.03932459919230554,0.9152927895543529,0.0754093158518493,0.03941790430824258,598369,14617781,3196617,55377
Team 11,2,CSI5,0.167,30,0.3194865495568832,0.40555176909879975,0.9146079148388575,0.32634786915267994,0.43412687220406737,0.1630914554486784,0.27447194399117125,0.9090831849384176,0.16579569428016586,0.28044476586024547,0.15888645207281102,4365362,436577,4109074,21964405
Team 11,2,CSI30,1.0,30,0.16255946764285278,0.7010990520214507,0.48635424915092795,0.19361211151820512,0.2706416115427494,0.1170679834813087,0.69273183605158,0.40607462636457314,0.1412540385415917,0.20959867297685833,0.10597395829505875,1257886,1839786,20130499,7647247
Team 11,TEAM (per-model avg),CSI30,1.0,59,0.10314008445163145,0.4740592079134432,0.2651212125928365,0.5564290764416406,0.17714662203916334,0.07134929190558925,0.5103679179058861,0.10135814359230967,0.19419170385983545,0.1331952005656,0.07269593130165067,1856255,16457567,23327116,7702624
Team 11,TEAM (per-model avg),CSI5,0.167,59,0.37748105522848774,0.44083800995341443,0.6862851789067645,0.6170302543771237,0.5175449361215096,0.26412929146004166,0.3456294257800035,0.549351057362174,0.33718909041724276,0.41788334981934977,0.28666513903722013,11589623,9507311,5464964,22781664
